{
  "Average Age": 49.7777777778,
  "Gender Ratio (Women:Men)": 0.875,
  "Percentage of non-Schweiz Nationality": 11.1111111111,
  "left-leaning": 116,
  "right-leaning": 37,
  "very left": 34,
  "moderate": 25,
  "very right": 13,
  "Culture": 54,
  "Education": 110,
  "Environmental protection": 114,
  "Health": 52,
  "Public space": 63,
  "Public transit and roads": 79,
  "Sport": 39,
  "Urban greenery": 79,
  "Welfare": 78,
  "agent_votes": {
    "#28": 89,
    "#29": 72,
    "#32": 69,
    "#30": 61,
    "#31": 60,
    "#13": 48,
    "#23": 48,
    "#24": 40,
    "#26": 40,
    "#33": 37,
    "#16": 36,
    "#18": 33,
    "#10": 28,
    "#14": 26,
    "#11": 24,
    "#21": 22,
    "#25": 19,
    "#15": 18,
    "#19": 18,
    "#3": 16,
    "#9": 15,
    "#27": 15,
    "#7": 13,
    "#20": 12,
    "#4": 12,
    "#8": 9,
    "#6": 8,
    "#17": 5,
    "#22": 4,
    "#2": 4,
    "#1": 4,
    "#5": 4,
    "#12": 3,
    "#35": 2,
    "#38": 1,
    "#37": 1
  },
  "random_votes": {
    "#20": 37,
    "#33": 35,
    "#16": 34,
    "#22": 33,
    "#24": 32,
    "#31": 32,
    "#3": 32,
    "#17": 31,
    "#10": 30,
    "#25": 30,
    "#5": 29,
    "#28": 29,
    "#6": 29,
    "#11": 29,
    "#4": 27,
    "#1": 27,
    "#18": 27,
    "#19": 27,
    "#27": 27,
    "#13": 26,
    "#12": 26,
    "#26": 25,
    "#30": 25,
    "#8": 25,
    "#9": 24,
    "#14": 24,
    "#23": 22,
    "#7": 22,
    "#2": 21,
    "#29": 20,
    "#15": 16,
    "#21": 16,
    "#32": 15
  },
  "real_votes": {
    "#21": 78,
    "#4": 72,
    "#15": 56,
    "#32": 53,
    "#24": 41,
    "#11": 40,
    "#12": 40,
    "#30": 40,
    "#3": 37,
    "#31": 37,
    "#29": 33,
    "#14": 31,
    "#22": 29,
    "#25": 28,
    "#2": 27,
    "#17": 25,
    "#8": 25,
    "#28": 23,
    "#13": 23,
    "#1": 16,
    "#7": 13,
    "#33": 12,
    "#10": 12,
    "#16": 12,
    "#19": 12,
    "#5": 12,
    "#6": 12,
    "#9": 11,
    "#23": 11,
    "#20": 10,
    "#27": 6,
    "#18": 5,
    "#26": 2
  },
  "Average Agent Accuracy": 0.1323985891,
  "Average Agent Recall": 0.1429435626,
  "Average Random Accuracy": 0.113643739,
  "Average Random Recall": 0.113643739
}
